,subID,difficulty,howOften
1,003,22.5341796875,98.7060546875
2,003,99.9267578125,1
