,subID,difficulty,howOften
1,001,98.9501953125,1
2,001,2.7587890625,85.5224609375
