,subID,difficulty,howOften
1,012,22.65625,83.5693359375
2,012,81.8603515625,20.8251953125
