,subID,difficulty,howOften
1,001,27.783203125,19.7265625
2,001,75.0244140625,35.83984375
