,subID,difficulty,howOften
1,005,80.029296875,17.529296875
2,005,50,81.8603515625
