,subID,difficulty,howOften
1,005,21.435546875,76.9775390625
2,005,77.7099609375,24.365234375
