,subID,difficulty,howOften
1,001,23.7548828125,77.34375
2,001,83.69140625,14.84375
