,operation,response,responseCorrect,solveMathRT,suggestedAnswer,suggestAnswerCorrect,trueFalseRT,trial
1,(7x4) - 4 = ?,True,1,2.4528882390004583,3,True,0.986594685993623,0
2,(9x2) - 9 = ?,True,1,1.0348932899942156,2,False,1.103336718006176,1
3,(4x2) + 5 = ?,False,0,0.9533894400083227,18,True,1.3699710799992317,2
